weight_decay,learning_rate,hidden_layers,hidden_neurons,num_epochs,decrease_factor,val_loss_mlp,val_loss_hard_post_mlp,val_loss_hard_thr_post_mlp,val_loss_hard_pre_mlp,val_loss_hard_thr_pre_mlp,val_loss_soft_mlp,val_loss_soft_hard_mlp,val_loss_soft_comp_mlp,val_loss_soft_hard_comp_mlp
0.0001,0.001,6,8192,30,0.0001,1.1640283190645278,1.1648682639934123,1.160812963731587,1.2483164281584322,2.9154268968850374,2.370186932384968,2.3704708395525813,1.74332476221025,1.7433247696608305
0.0,0.001,8,4096,70,0.0001,1.2179568349383771,1.2186351283453405,1.2224512249231339,1.2551064253784716,2.4265576591715217,2.12432992272079,2.124332595616579,1.9869643524289131,1.9869619142264128
0.0,0.001,10,1024,30,0.0001,1.3251872924156487,1.3259493010118604,1.3369187698699534,1.296502246055752,2.3009695569053292,2.387247635051608,2.3872477309778333,1.415825542062521,1.4158314308151603
